filename,type,original_size(byte),algorithm,time_cost(s),compressed_size(byte),ratio
1001_DFA_ANG_XX.wav,sound,72862,comb,0.008206367492675781,60876,0.83549724136038
1001_DFA_DIS_XX.wav,sound,74786,comb,0.00939321517944336,60776,0.8126654721471933
1001_DFA_FEA_XX.wav,sound,69446,comb,0.007180690765380859,56951,0.8200760302969213
1001_DFA_HAP_XX.wav,sound,59836,comb,0.006247758865356445,50391,0.8421518818102814
1001_DFA_NEU_XX.wav,sound,65176,comb,0.006750583648681641,53650,0.8231557628574936
1001_DFA_SAD_XX.wav,sound,64108,comb,0.007418155670166016,51308,0.8003369314282149
1001_IEO_ANG_HI.wav,sound,61972,comb,0.00629425048828125,54027,0.8717969405537985
1001_IEO_ANG_LO.wav,sound,66244,comb,0.0070307254791259766,53015,0.8002988949942637
1001_IEO_ANG_MD.wav,sound,84394,comb,0.009008169174194336,70194,0.831741593004242
1001_IEO_DIS_HI.wav,sound,64108,comb,0.008431196212768555,53354,0.8322518250452362
1001_IEO_DIS_LO.wav,sound,64108,comb,0.0070247650146484375,48327,0.753837274599114
1001_IEO_DIS_MD.wav,sound,60904,comb,0.006677389144897461,48484,0.7960725075528701
1001_IEO_FEA_HI.wav,sound,50228,comb,0.005230426788330078,43203,0.8601377717607709
1001_IEO_FEA_LO.wav,sound,49160,comb,0.005262851715087891,40684,0.8275834011391375
1001_IEO_FEA_MD.wav,sound,51296,comb,0.006108522415161133,43043,0.8391102620087336
1001_IEO_HAP_HI.wav,sound,56634,comb,0.005755424499511719,50602,0.8934915421831409
1001_IEO_HAP_LO.wav,sound,54498,comb,0.005967855453491211,44408,0.8148555910308635
1001_IEO_HAP_MD.wav,sound,53430,comb,0.005673646926879883,44019,0.8238629983155531
1001_IEO_NEU_XX.wav,sound,51296,comb,0.005711555480957031,41712,0.813162819713038
1001_IEO_SAD_HI.wav,sound,64108,comb,0.0071141719818115234,51190,0.7984962875148187
1001_IEO_SAD_LO.wav,sound,60904,comb,0.006707906723022461,47600,0.7815578615526074
1001_IEO_SAD_MD.wav,sound,55566,comb,0.006400108337402344,44340,0.797969981643451
1001_IOM_ANG_XX.wav,sound,68378,comb,0.006859779357910156,56924,0.8324899821580041
1001_IOM_DIS_XX.wav,sound,72650,comb,0.0077211856842041016,57121,0.7862491397109429
1001_IOM_FEA_XX.wav,sound,90802,comb,0.009384632110595703,78859,0.8684720600867822
1001_IOM_HAP_XX.wav,sound,64108,comb,0.007023334503173828,54103,0.843935234292132
1001_IOM_NEU_XX.wav,sound,79056,comb,0.00816202163696289,64509,0.8159911961141469
1001_IOM_SAD_XX.wav,sound,61972,comb,0.006808280944824219,50895,0.821257987478216
1001_ITH_ANG_XX.wav,sound,75852,comb,0.008124589920043945,63885,0.8422322417339029
1001_ITH_DIS_XX.wav,sound,69446,comb,0.007604122161865234,56817,0.8181464735189932
1001_ITH_FEA_XX.wav,sound,67312,comb,0.00678706169128418,58308,0.8662348466840979
1001_ITH_HAP_XX.wav,sound,79056,comb,0.008057117462158203,66454,0.8405940093098563
1001_ITH_NEU_XX.wav,sound,83328,comb,0.008694171905517578,68525,0.8223526305683564
1001_ITH_SAD_XX.wav,sound,75852,comb,0.00838470458984375,60038,0.791515055634657
1001_ITS_ANG_XX.wav,sound,82260,comb,0.008435726165771484,71274,0.8664478482859227
1001_ITS_DIS_XX.wav,sound,70514,comb,0.007489919662475586,59495,0.8437331593726068
1001_ITS_FEA_XX.wav,sound,68378,comb,0.006894588470458984,59010,0.862996870338413
1001_ITS_HAP_XX.wav,sound,70514,comb,0.00718998908996582,60648,0.8600845222225374
1001_ITS_NEU_XX.wav,sound,77988,comb,0.00839996337890625,65045,0.8340385700364159
1001_ITS_SAD_XX.wav,sound,85462,comb,0.009896278381347656,67693,0.7920830310547378
1001_IWL_ANG_XX.wav,sound,101478,comb,0.01128244400024414,89598,0.8829302903092295
1001_IWL_DIS_XX.wav,sound,82260,comb,0.009741067886352539,67093,0.8156212010697788
1001_IWL_FEA_XX.wav,sound,75852,comb,0.008917808532714844,63685,0.8395955281337341
1001_IWL_HAP_XX.wav,sound,67312,comb,0.007786750793457031,57889,0.8600101022106014
1001_IWL_NEU_XX.wav,sound,90802,comb,0.009912967681884766,75627,0.8328781304376556
1001_IWL_SAD_XX.wav,sound,90802,comb,0.011137723922729492,71733,0.7899936124754962
1001_IWW_ANG_XX.wav,sound,72862,comb,0.007899045944213867,60175,0.8258763141280777
1001_IWW_DIS_XX.wav,sound,66244,comb,0.007202625274658203,54159,0.8175683835517179
1001_IWW_FEA_XX.wav,sound,70514,comb,0.007494926452636719,58413,0.8283886887710242
1001_IWW_HAP_XX.wav,sound,63040,comb,0.0068569183349609375,53045,0.8414498730964467
1001_IWW_NEU_XX.wav,sound,72650,comb,0.007932186126708984,59968,0.8254370268410186
1001_IWW_SAD_XX.wav,sound,65176,comb,0.007685422897338867,51880,0.7959985270651774
1001_MTI_ANG_XX.wav,sound,96140,comb,0.009877920150756836,83229,0.8657062617016851
1001_MTI_DIS_XX.wav,sound,94004,comb,0.009970664978027344,78656,0.8367303518999192
1001_MTI_FEA_XX.wav,sound,75852,comb,0.008031368255615234,65454,0.8629172599272267
1001_MTI_HAP_XX.wav,sound,75852,comb,0.008651256561279297,65802,0.8675051415915204
1001_MTI_NEU_XX.wav,sound,73718,comb,0.008359432220458984,62673,0.8501722781410239
1001_MTI_SAD_XX.wav,sound,73718,comb,0.009795427322387695,60402,0.8193656908760412
1001_TAI_ANG_XX.wav,sound,74786,comb,0.008476495742797852,64944,0.8683978284705693
1001_TAI_DIS_XX.wav,sound,87598,comb,0.010068178176879883,74018,0.8449736295349208
1001_TAI_FEA_XX.wav,sound,76920,comb,0.008604288101196289,65240,0.8481539261570463
1001_TAI_HAP_XX.wav,sound,80124,comb,0.008557319641113281,66726,0.8327841845140033
1001_TAI_NEU_XX.wav,sound,82260,comb,0.01062631607055664,67854,0.824872355944566
1001_TAI_SAD_XX.wav,sound,89734,comb,0.009614944458007812,70554,0.7862571600508168
1001_TIE_ANG_XX.wav,sound,99344,comb,0.01076817512512207,83843,0.8439664197133194
1001_TIE_DIS_XX.wav,sound,70514,comb,0.007263898849487305,60286,0.8549507899140596
1001_TIE_FEA_XX.wav,sound,71582,comb,0.007208108901977539,60296,0.8423346651392808
1001_TIE_HAP_XX.wav,sound,73718,comb,0.007321834564208984,63119,0.8562223608887924
1001_TIE_NEU_XX.wav,sound,81192,comb,0.00986027717590332,65510,0.8068528919105331
1001_TIE_SAD_XX.wav,sound,97208,comb,0.011697530746459961,74963,0.7711608098098922
1001_TSI_ANG_XX.wav,sound,80124,comb,0.0077893733978271484,69013,0.8613274424641805
1001_TSI_DIS_XX.wav,sound,69446,comb,0.007321834564208984,58079,0.8363188664573914
1001_TSI_FEA_XX.wav,sound,60904,comb,0.006063222885131836,51291,0.842161434388546
1001_TSI_HAP_XX.wav,sound,69446,comb,0.0072062015533447266,57831,0.8327477464504796
1001_TSI_NEU_XX.wav,sound,77988,comb,0.007840394973754883,63403,0.8129840488280248
1001_TSI_SAD_XX.wav,sound,80124,comb,0.00841522216796875,63374,0.7909490290050422
1001_WSI_ANG_XX.wav,sound,87598,comb,0.00910329818725586,76813,0.8768807507020708
1001_WSI_DIS_XX.wav,sound,85462,comb,0.00908660888671875,69937,0.8183403149937984
1001_WSI_FEA_XX.wav,sound,74786,comb,0.007649660110473633,64187,0.8582756130826625
1001_WSI_HAP_XX.wav,sound,72862,comb,0.007319927215576172,61897,0.849510032664489
1001_WSI_NEU_XX.wav,sound,87598,comb,0.008945465087890625,72108,0.8231694787552227
1001_WSI_SAD_XX.wav,sound,74786,comb,0.00797891616821289,60122,0.8039205198834006
1002_DFA_ANG_XX.wav,sound,82260,comb,0.008185863494873047,69779,0.8482737661074642
1002_DFA_DIS_XX.wav,sound,81192,comb,0.008520126342773438,65179,0.80277613557986
1002_DFA_FEA_XX.wav,sound,87598,comb,0.01007223129272461,70011,0.7992305760405489
1002_DFA_HAP_XX.wav,sound,70514,comb,0.0075626373291015625,57653,0.8176106872394134
1002_DFA_NEU_XX.wav,sound,80124,comb,0.017617225646972656,61676,0.7697568768408967
1002_DFA_SAD_XX.wav,sound,75852,comb,0.015085220336914062,57484,0.757844222960502
1002_IEO_ANG_HI.wav,sound,87598,comb,0.017526865005493164,69945,0.7984771341811457
1002_IEO_ANG_LO.wav,sound,76920,comb,0.013085365295410156,63428,0.8245969838793552
1002_IEO_ANG_MD.wav,sound,88666,comb,0.010356903076171875,72779,0.8208219610673765
1002_IEO_DIS_HI.wav,sound,96140,comb,0.011371850967407227,70925,0.7377262325774911
1002_IEO_DIS_LO.wav,sound,91870,comb,0.01100015640258789,72345,0.7874714270164362
1002_IEO_DIS_MD.wav,sound,83328,comb,0.008872270584106445,67766,0.8132440476190477
1002_IEO_FEA_HI.wav,sound,102546,comb,0.012110471725463867,82011,0.7997484055935873
1002_IEO_FEA_LO.wav,sound,83328,comb,0.009430408477783203,64597,0.775213613671275
1002_IEO_FEA_MD.wav,sound,61972,comb,0.006596565246582031,48667,0.7853062673465436
1002_IEO_HAP_HI.wav,sound,80124,comb,0.007899284362792969,66853,0.8343692276970696
1002_IEO_HAP_LO.wav,sound,90802,comb,0.009495258331298828,69955,0.7704125459791634
1002_IEO_HAP_MD.wav,sound,72650,comb,0.007491350173950195,57599,0.7928286304198211
1002_IEO_NEU_XX.wav,sound,82260,comb,0.009074211120605469,61951,0.7531120836372478
1002_IEO_SAD_HI.wav,sound,87598,comb,0.009562015533447266,62708,0.7158610927190119
1002_IEO_SAD_LO.wav,sound,72650,comb,0.008001327514648438,52460,0.7220922229869237
1002_IEO_SAD_MD.wav,sound,75854,comb,0.00831460952758789,55196,0.7276610330371504
1002_IOM_ANG_XX.wav,sound,90802,comb,0.008676290512084961,77073,0.8488028898041894
1002_IOM_DIS_XX.wav,sound,88666,comb,0.009981155395507812,69683,0.7859044052962805
1002_IOM_FEA_XX.wav,sound,83328,comb,0.010839223861694336,67043,0.8045674923195084
1002_IOM_HAP_XX.wav,sound,74786,comb,0.008679866790771484,61397,0.8209691653518039
1002_IOM_NEU_XX.wav,sound,74786,comb,0.008988142013549805,59046,0.7895328002567326
1002_IOM_SAD_XX.wav,sound,85462,comb,0.010277509689331055,66254,0.7752451381900728
1002_ITH_ANG_XX.wav,sound,94004,comb,0.011280298233032227,77399,0.8233585804859368
1002_ITH_DIS_XX.wav,sound,121766,comb,0.015215873718261719,96755,0.7945978351920897
1002_ITH_FEA_XX.wav,sound,112156,comb,0.01451730728149414,86130,0.7679482149862691
1002_ITH_HAP_XX.wav,sound,88666,comb,0.010869741439819336,72147,0.8136940879254732
1002_ITH_NEU_XX.wav,sound,80124,comb,0.009790897369384766,62260,0.7770455793520044
1002_ITH_SAD_XX.wav,sound,87598,comb,0.009862422943115234,66547,0.7596862942076303
1002_ITS_ANG_XX.wav,sound,86530,comb,0.010371923446655273,68766,0.7947070380214954
1002_ITS_DIS_XX.wav,sound,90802,comb,0.01142263412475586,70927,0.7811171560097795
1002_ITS_FEA_XX.wav,sound,79056,comb,0.008597373962402344,62422,0.7895921878162315
1002_ITS_HAP_XX.wav,sound,77988,comb,0.008293390274047852,64162,0.8227163153305637
1002_ITS_NEU_XX.wav,sound,74786,comb,0.007937431335449219,58995,0.7888508544379964
1002_ITS_SAD_XX.wav,sound,84394,comb,0.009110689163208008,62649,0.7423395028082566
1002_IWL_ANG_XX.wav,sound,83328,comb,0.008675575256347656,69721,0.836705549155146
1002_IWL_DIS_XX.wav,sound,99344,comb,0.010120868682861328,82113,0.8265521823159929
1002_IWL_FEA_XX.wav,sound,103614,comb,0.011408805847167969,81381,0.785424749551219
1002_IWL_HAP_XX.wav,sound,91868,comb,0.01026463508605957,74601,0.8120455436060434
1002_IWL_NEU_XX.wav,sound,84394,comb,0.009020805358886719,66248,0.7849847145531673
1002_IWL_SAD_XX.wav,sound,86530,comb,0.009293079376220703,67193,0.776528371663007
1002_IWW_ANG_XX.wav,sound,76920,comb,0.007905006408691406,63067,0.819903796151846
1002_IWW_DIS_XX.wav,sound,99344,comb,0.012213945388793945,80071,0.8059973425672411
1002_IWW_FEA_XX.wav,sound,83328,comb,0.008733749389648438,67445,0.8093918010752689
1002_IWW_HAP_XX.wav,sound,79056,comb,0.007930755615234375,65348,0.8266039263307022
1002_IWW_NEU_XX.wav,sound,80124,comb,0.008913278579711914,62608,0.7813888472867057
1002_IWW_SAD_XX.wav,sound,75852,comb,0.008251667022705078,57353,0.7561171755523916
1002_MTI_ANG_XX.wav,sound,87598,comb,0.00911402702331543,71811,0.8197789903879084
1002_MTI_DIS_XX.wav,sound,116426,comb,0.01203775405883789,96060,0.8250734372047481
1002_MTI_FEA_XX.wav,sound,94004,comb,0.010113954544067383,75254,0.8005404025360623
1002_MTI_HAP_XX.wav,sound,85462,comb,0.008664131164550781,71408,0.8355526432800543
1002_MTI_NEU_XX.wav,sound,91868,comb,0.009685993194580078,70523,0.7676557669700005
1002_MTI_SAD_XX.wav,sound,86530,comb,0.009056568145751953,65813,0.7605801456142378
1002_TAI_ANG_XX.wav,sound,80124,comb,0.00826406478881836,66012,0.8238729968548749
1002_TAI_DIS_XX.wav,sound,102546,comb,0.010438680648803711,82574,0.8052386246172449
1002_TAI_FEA_XX.wav,sound,88666,comb,0.009252071380615234,70722,0.7976225385153272
1002_TAI_HAP_XX.wav,sound,81192,comb,0.008226871490478516,67512,0.8315104936446941
1002_TAI_NEU_XX.wav,sound,84394,comb,0.008856534957885742,66259,0.785115055572671
1002_TAI_SAD_XX.wav,sound,88666,comb,0.009572982788085938,69239,0.7808968488484875
1002_TIE_ANG_XX.wav,sound,81192,comb,0.007807731628417969,72250,0.8898659966499163
1002_TIE_DIS_XX.wav,sound,115360,comb,0.012372970581054688,90637,0.7856882801664355
1002_TIE_FEA_XX.wav,sound,100410,comb,0.0103912353515625,85941,0.8559008066925605
1002_TIE_HAP_XX.wav,sound,76920,comb,0.007474184036254883,67960,0.8835153406136246
1002_TIE_SAD_XX.wav,sound,100410,comb,0.010635137557983398,84297,0.8395279354645951
1002_TSI_ANG_XX.wav,sound,77988,comb,0.00792384147644043,64069,0.8215238241780787
1002_TSI_DIS_XX.wav,sound,88666,comb,0.008880138397216797,74329,0.8383032955135001
1002_TSI_FEA_XX.wav,sound,74786,comb,0.008057355880737305,59595,0.7968737464231274
1002_TSI_HAP_XX.wav,sound,65176,comb,0.006606578826904297,54034,0.8290475021480299
1002_TSI_NEU_XX.wav,sound,75852,comb,0.00809931755065918,59663,0.7865712176343406
1002_TSI_SAD_XX.wav,sound,76920,comb,0.008083105087280273,58466,0.7600884035361415
1002_WSI_ANG_XX.wav,sound,83328,comb,0.00825953483581543,73288,0.8795122887864824
1002_WSI_DIS_XX.wav,sound,110020,comb,0.010968923568725586,94545,0.8593437556807854
1002_WSI_FEA_XX.wav,sound,80124,comb,0.008285284042358398,63814,0.7964405171983425
1002_WSI_HAP_XX.wav,sound,88666,comb,0.009102106094360352,73059,0.8239798795479665
1002_WSI_NEU_XX.wav,sound,77988,comb,0.008305788040161133,61406,0.7873775452633739
1002_WSI_SAD_XX.wav,sound,87598,comb,0.00940561294555664,67398,0.769401127879632
1003_DFA_ANG_XX.wav,sound,100410,comb,0.009909391403198242,83900,0.8355741460013942
1003_DFA_DIS_XX.wav,sound,103614,comb,0.010991096496582031,77469,0.7476692338873125
1003_DFA_FEA_XX.wav,sound,98276,comb,0.010254621505737305,75585,0.7691094468639342
1003_DFA_HAP_XX.wav,sound,104682,comb,0.010721206665039062,81973,0.783066811868325
1003_DFA_NEU_XX.wav,sound,103614,comb,0.01100468635559082,81138,0.7830795066303782
1003_DFA_SAD_XX.wav,sound,102546,comb,0.011322975158691406,76119,0.7422912644081681
1003_IEO_ANG_HI.wav,sound,82260,comb,0.0077953338623046875,69684,0.8471188913202042
1003_IEO_ANG_LO.wav,sound,72862,comb,0.007524013519287109,59993,0.8233784414372375
1003_IEO_ANG_MD.wav,sound,82260,comb,0.008071660995483398,69500,0.8448820812059324
1003_IEO_DIS_HI.wav,sound,101478,comb,0.010422468185424805,79678,0.7851751118469028
1003_IEO_DIS_LO.wav,sound,64108,comb,0.0070781707763671875,49018,0.7646159605665439
1003_IEO_DIS_MD.wav,sound,66244,comb,0.006998300552368164,50868,0.7678884125354749
1003_IEO_FEA_HI.wav,sound,88666,comb,0.009369850158691406,67202,0.7579229919021947
1003_IEO_FEA_LO.wav,sound,82260,comb,0.008646965026855469,62654,0.761658157062971
1003_IEO_FEA_MD.wav,sound,80124,comb,0.008488655090332031,60575,0.7560156757026609
1003_IEO_HAP_HI.wav,sound,70514,comb,0.007489204406738281,56378,0.7995291715120402
1003_IEO_HAP_LO.wav,sound,75852,comb,0.007906913757324219,58497,0.7711991773453567
1003_IEO_HAP_MD.wav,sound,73718,comb,0.008118629455566406,58226,0.789847798366749
1003_IEO_NEU_XX.wav,sound,72650,comb,0.007921695709228516,56767,0.7813764624913971
1003_IEO_SAD_HI.wav,sound,79056,comb,0.008588075637817383,57143,0.7228167375025298
1003_IEO_SAD_LO.wav,sound,80124,comb,0.008725643157958984,58289,0.7274848984074684
1003_IEO_SAD_MD.wav,sound,85462,comb,0.009401559829711914,61929,0.7246378507406801
1003_IOM_ANG_XX.wav,sound,87598,comb,0.008196115493774414,77616,0.8860476266581429
1003_IOM_DIS_XX.wav,sound,105750,comb,0.012631416320800781,85699,0.8103924349881797
1003_IOM_FEA_XX.wav,sound,85462,comb,0.009601593017578125,67221,0.7865601085862722
1003_IOM_HAP_XX.wav,sound,92936,comb,0.010307788848876953,75143,0.8085456658345528
1003_IOM_NEU_XX.wav,sound,102546,comb,0.010878801345825195,82529,0.8047997971641995
1003_IOM_SAD_XX.wav,sound,90802,comb,0.010003328323364258,69424,0.7645646571661417
1003_ITH_ANG_XX.wav,sound,117494,comb,0.011419296264648438,99621,0.8478815939537339
1003_ITH_DIS_XX.wav,sound,129240,comb,0.01401376724243164,98598,0.7629062209842155
1003_ITH_FEA_XX.wav,sound,113224,comb,0.012441635131835938,87310,0.7711262629831132
1003_ITH_HAP_XX.wav,sound,100410,comb,0.01063227653503418,80954,0.8062344388009163
1003_ITH_NEU_XX.wav,sound,129240,comb,0.014539003372192383,104906,0.8117146394305169
1003_ITH_SAD_XX.wav,sound,116426,comb,0.01431894302368164,88241,0.7579148987339598
1003_ITS_ANG_XX.wav,sound,119630,comb,0.011625051498413086,101470,0.8481986123881969
1003_ITS_DIS_XX.wav,sound,118562,comb,0.012755155563354492,90160,0.7604460113695788
1003_ITS_FEA_XX.wav,sound,100410,comb,0.010438680648803711,77144,0.7682900109550842
1003_ITS_HAP_XX.wav,sound,119630,comb,0.011971235275268555,97085,0.8115439271085848
1003_ITS_NEU_XX.wav,sound,119630,comb,0.013067007064819336,98420,0.8227033352837917
1003_ITS_SAD_XX.wav,sound,112156,comb,0.012077569961547852,84096,0.7498127607974607
1003_IWL_ANG_XX.wav,sound,113224,comb,0.010738849639892578,101831,0.8993764572882075
1003_IWL_DIS_XX.wav,sound,140984,comb,0.015396595001220703,110810,0.7859757135561483
1003_IWL_FEA_XX.wav,sound,117494,comb,0.012487649917602539,91200,0.7762098490135666
1003_IWL_HAP_XX.wav,sound,124968,comb,0.020381689071655273,102315,0.8187295947762627
1003_IWL_NEU_XX.wav,sound,126036,comb,0.02633213996887207,101610,0.8061982290774065
1003_IWL_SAD_XX.wav,sound,119630,comb,0.014199256896972656,90735,0.7584635960879378
1003_IWW_ANG_XX.wav,sound,108952,comb,0.010662555694580078,91712,0.8417651809971364
1003_IWW_DIS_XX.wav,sound,99344,comb,0.01064443588256836,77309,0.7781949589305847
1003_IWW_FEA_XX.wav,sound,71582,comb,0.007206439971923828,61724,0.8622838143667403
1003_IWW_HAP_XX.wav,sound,112156,comb,0.013861894607543945,91982,0.8201255394272263
1003_IWW_NEU_XX.wav,sound,92936,comb,0.011896133422851562,73449,0.7903180683481106
1003_IWW_SAD_XX.wav,sound,86530,comb,0.009358644485473633,65970,0.7623945452444238
1003_MTI_ANG_XX.wav,sound,71582,comb,0.006796121597290039,66293,0.9261127098991366
1003_MTI_DIS_XX.wav,sound,135646,comb,0.01501774787902832,104366,0.7693997611429751
1003_MTI_FEA_XX.wav,sound,102546,comb,0.010910511016845703,81448,0.7942581865699296
1003_MTI_HAP_XX.wav,sound,105750,comb,0.011346817016601562,87527,0.8276784869976359
1003_MTI_NEU_XX.wav,sound,119630,comb,0.012624502182006836,94609,0.7908467775641561
1003_MTI_SAD_XX.wav,sound,120698,comb,0.013233423233032227,92908,0.7697559197335498
1003_TAI_ANG_XX.wav,sound,91868,comb,0.010417938232421875,78702,0.8566856794531285
1003_TAI_DIS_XX.wav,sound,102546,comb,0.011046171188354492,82001,0.7996508883817994
1003_TAI_FEA_XX.wav,sound,100410,comb,0.010310173034667969,80477,0.801483915944627
1003_TAI_HAP_XX.wav,sound,100410,comb,0.010696172714233398,84153,0.8380938153570362
1003_TAI_NEU_XX.wav,sound,117494,comb,0.013329029083251953,94156,0.8013685805232608
1003_TAI_SAD_XX.wav,sound,71582,comb,0.007739067077636719,59421,0.8301109217401023
1003_TIE_ANG_XX.wav,sound,101478,comb,0.010915517807006836,87475,0.8620094995959715
1003_TIE_DIS_XX.wav,sound,136714,comb,0.014979124069213867,107255,0.7845209707857279
1003_TIE_FEA_XX.wav,sound,92936,comb,0.010634183883666992,79072,0.8508220711026944
1003_TIE_HAP_XX.wav,sound,104682,comb,0.011599302291870117,82734,0.7903364475267954
1003_TIE_NEU_XX.wav,sound,81192,comb,0.008545160293579102,64429,0.7935387722928368
1003_TIE_SAD_XX.wav,sound,139918,comb,0.015694618225097656,105078,0.7509970125359139
1003_TSI_ANG_XX.wav,sound,127104,comb,0.013565540313720703,110805,0.8717664274924471
1003_TSI_DIS_XX.wav,sound,115360,comb,0.012343645095825195,92401,0.8009795423023578
1003_TSI_FEA_XX.wav,sound,103614,comb,0.010606527328491211,85435,0.8245507363869747
1003_TSI_HAP_XX.wav,sound,107884,comb,0.012288331985473633,96065,0.8904471469355975
1003_TSI_NEU_XX.wav,sound,110020,comb,0.01221013069152832,94050,0.8548445737138702
1003_TSI_SAD_XX.wav,sound,95072,comb,0.01123046875,79727,0.8385960114439582
1003_WSI_ANG_XX.wav,sound,113224,comb,0.010671615600585938,98739,0.8720677594856214
1003_WSI_DIS_XX.wav,sound,111088,comb,0.012094974517822266,86198,0.7759433962264151
1003_WSI_FEA_XX.wav,sound,105750,comb,0.01129150390625,80511,0.7613333333333333
1003_WSI_HAP_XX.wav,sound,101478,comb,0.010701656341552734,85322,0.8407930783026863
1003_WSI_NEU_XX.wav,sound,110020,comb,0.01154327392578125,91503,0.8316942374113797
1003_WSI_SAD_XX.wav,sound,107884,comb,0.011445999145507812,84830,0.7863075154795892
1004_DFA_ANG_XX.wav,sound,98276,comb,0.009798526763916016,80271,0.816791485204933
1004_DFA_DIS_XX.wav,sound,92936,comb,0.00972604751586914,71277,0.766947146423345
1004_DFA_FEA_XX.wav,sound,97208,comb,0.010423660278320312,73702,0.7581886264504979
1004_DFA_HAP_XX.wav,sound,87598,comb,0.009056568145751953,69385,0.7920842941619671
1004_DFA_NEU_XX.wav,sound,99344,comb,0.01047515869140625,77400,0.7791109679497503
1004_DFA_SAD_XX.wav,sound,90802,comb,0.010416984558105469,66475,0.7320873989559701
1004_IEO_ANG_HI.wav,sound,128172,comb,0.012850284576416016,108598,0.8472833380145429
1004_IEO_ANG_LO.wav,sound,85462,comb,0.008719921112060547,70942,0.8300999274531371
1004_IEO_ANG_MD.wav,sound,92936,comb,0.009045600891113281,80833,0.8697705948179393
1004_IEO_DIS_HI.wav,sound,154866,comb,0.016711711883544922,114738,0.7408856689008563
1004_IEO_DIS_LO.wav,sound,77988,comb,0.008407831192016602,58399,0.7488203313330256
1004_IEO_DIS_MD.wav,sound,116426,comb,0.012520551681518555,92525,0.7947108034287874
1004_IEO_FEA_HI.wav,sound,107884,comb,0.011626005172729492,79110,0.7332876052055912
1004_IEO_FEA_LO.wav,sound,110020,comb,0.011790037155151367,83898,0.7625704417378658
1004_IEO_FEA_MD.wav,sound,88666,comb,0.009721040725708008,68800,0.7759456838021338
1004_IEO_HAP_HI.wav,sound,94004,comb,0.009427785873413086,81271,0.8645483170928897
1004_IEO_HAP_LO.wav,sound,76920,comb,0.008525609970092773,59263,0.7704498179927197
1004_IEO_HAP_MD.wav,sound,97208,comb,0.009968996047973633,79787,0.8207863550325076
1004_IEO_NEU_XX.wav,sound,74786,comb,0.008346319198608398,58046,0.7761613136148477
1004_IEO_SAD_HI.wav,sound,160204,comb,0.017702817916870117,114335,0.7136838031509825
1004_IEO_SAD_LO.wav,sound,90802,comb,0.009979486465454102,66634,0.7338384617078919
1004_IEO_SAD_MD.wav,sound,129240,comb,0.014249801635742188,91148,0.7052615289384092
1004_IOM_ANG_XX.wav,sound,83328,comb,0.008231163024902344,69950,0.8394537250384024
1004_IOM_DIS_XX.wav,sound,86530,comb,0.009352922439575195,67316,0.7779498439847452
1004_IOM_FEA_XX.wav,sound,77988,comb,0.008222103118896484,60544,0.7763245627532441
1004_IOM_HAP_XX.wav,sound,71582,comb,0.007397174835205078,58854,0.8221899360174345
1004_IOM_NEU_XX.wav,sound,81192,comb,0.008676767349243164,62663,0.7717878608729924
1004_IOM_SAD_XX.wav,sound,91868,comb,0.009766101837158203,69812,0.7599164017938782
1004_ITH_ANG_XX.wav,sound,104682,comb,0.010769844055175781,87852,0.8392273743336963
1004_ITH_DIS_XX.wav,sound,116426,comb,0.012562751770019531,87320,0.750004294573377
1004_ITH_FEA_XX.wav,sound,119630,comb,0.013100624084472656,90412,0.755763604447045
1004_ITH_HAP_XX.wav,sound,96140,comb,0.01148533821105957,74239,0.7721967963386728
1004_ITH_NEU_XX.wav,sound,116426,comb,0.012821435928344727,89513,0.7688402934052532
1004_ITH_SAD_XX.wav,sound,113224,comb,0.012681007385253906,83486,0.7373525047693069
1004_ITS_ANG_XX.wav,sound,107884,comb,0.011307239532470703,88331,0.8187590374847058
1004_ITS_DIS_XX.wav,sound,98276,comb,0.010478973388671875,75139,0.7645712076193577
1004_ITS_FEA_XX.wav,sound,87598,comb,0.009383201599121094,66627,0.7605995570675129
1004_ITS_HAP_XX.wav,sound,91868,comb,0.009650945663452148,73282,0.7976879871119432
1004_ITS_NEU_XX.wav,sound,71582,comb,0.007719755172729492,58026,0.8106227822636975
1004_ITS_SAD_XX.wav,sound,96140,comb,0.010109424591064453,72560,0.7547326815061369
1004_IWL_ANG_XX.wav,sound,101478,comb,0.009857416152954102,88165,0.8688090029365971
1004_IWL_DIS_XX.wav,sound,71582,comb,0.007697582244873047,60461,0.8446397138945545
1004_IWL_FEA_XX.wav,sound,107884,comb,0.011877775192260742,80310,0.7444106633050314
1004_IWL_HAP_XX.wav,sound,96140,comb,0.010341405868530273,75426,0.7845433742458914
1004_IWL_NEU_XX.wav,sound,124968,comb,0.013500452041625977,96592,0.7729338710709942
1004_IWL_SAD_XX.wav,sound,105750,comb,0.011165380477905273,85002,0.8038014184397163
1004_IWW_ANG_XX.wav,sound,75852,comb,0.00778961181640625,61666,0.8129779043400306
1004_IWW_DIS_XX.wav,sound,94004,comb,0.019062519073486328,71291,0.7583826220160844
1004_IWW_FEA_XX.wav,sound,85462,comb,0.021759033203125,67781,0.7931127284641127
1004_IWW_HAP_XX.wav,sound,104682,comb,0.025691509246826172,80825,0.7721002655661909
1004_IWW_NEU_XX.wav,sound,97208,comb,0.025486230850219727,75844,0.780223849888898
1004_IWW_SAD_XX.wav,sound,90802,comb,0.026352882385253906,67935,0.7481663399484593
1004_MTI_ANG_XX.wav,sound,105750,comb,0.026803255081176758,85607,0.8095224586288416
1004_MTI_DIS_XX.wav,sound,116426,comb,0.030410051345825195,89881,0.7720010994107845
1004_MTI_FEA_XX.wav,sound,102546,comb,0.028232097625732422,77871,0.7593762799134047
1004_MTI_HAP_XX.wav,sound,102546,comb,0.028379440307617188,79958,0.7797281220135354
1004_MTI_NEU_XX.wav,sound,118562,comb,0.02976202964782715,93848,0.7915520993235606
1004_MTI_SAD_XX.wav,sound,105750,comb,0.027010440826416016,78709,0.7442931442080378
1004_TAI_ANG_XX.wav,sound,107884,comb,0.026801586151123047,86139,0.7984409180230618
1004_TAI_DIS_XX.wav,sound,124968,comb,0.03127598762512207,95876,0.7672044043275078
1004_TAI_FEA_XX.wav,sound,94004,comb,0.024025678634643555,73229,0.778998766009957
1004_TAI_HAP_XX.wav,sound,83328,comb,0.02111530303955078,65901,0.7908626152073732
1004_TAI_NEU_XX.wav,sound,111088,comb,0.027980566024780273,87477,0.7874567910125306
1004_TAI_SAD_XX.wav,sound,110020,comb,0.027148962020874023,82098,0.7462097800399927
1004_TIE_ANG_XX.wav,sound,90802,comb,0.020506620407104492,79301,0.8733397942776591
1004_TIE_DIS_XX.wav,sound,138850,comb,0.033905982971191406,110368,0.7948721642059777
1004_TIE_FEA_XX.wav,sound,88666,comb,0.02153491973876953,70095,0.7905510567748629
1004_TIE_HAP_XX.wav,sound,95072,comb,0.02233123779296875,83238,0.875525917199596
1004_TIE_NEU_XX.wav,sound,74786,comb,0.018391132354736328,57312,0.7663466424197042
1004_TIE_SAD_XX.wav,sound,96140,comb,0.02342987060546875,70115,0.7293010193467859
1004_TSI_ANG_XX.wav,sound,75852,comb,0.017870187759399414,62936,0.8297210357011021
1004_TSI_DIS_XX.wav,sound,97208,comb,0.023845195770263672,77706,0.7993786519628014
1004_TSI_FEA_XX.wav,sound,92936,comb,0.02315545082092285,74099,0.7973121287767926
1004_TSI_HAP_XX.wav,sound,74786,comb,0.018161296844482422,60418,0.8078784799293985
1004_TSI_NEU_XX.wav,sound,71582,comb,0.017347335815429688,59739,0.8345533793411751
1004_TSI_SAD_XX.wav,sound,77988,comb,0.0189511775970459,58619,0.7516412781453558
1004_WSI_ANG_XX.wav,sound,96140,comb,0.0222623348236084,82308,0.8561264822134388
1004_WSI_DIS_XX.wav,sound,112156,comb,0.02773594856262207,88015,0.7847551624522986
1004_WSI_FEA_XX.wav,sound,83328,comb,0.020196914672851562,68184,0.8182603686635944
1004_WSI_HAP_XX.wav,sound,82260,comb,0.019812583923339844,70386,0.8556528081692195
1004_WSI_NEU_XX.wav,sound,103614,comb,0.02542734146118164,83968,0.8103924180130099
1004_WSI_SAD_XX.wav,sound,119630,comb,0.03154158592224121,88126,0.7366546852796121
1005_DFA_ANG_XX.wav,sound,83328,comb,0.019985675811767578,70419,0.8450820852534562
1005_DFA_DIS_XX.wav,sound,87598,comb,0.021184682846069336,72871,0.8318797232813534
1005_DFA_FEA_XX.wav,sound,79056,comb,0.019160985946655273,66027,0.8351927747419551
1005_DFA_HAP_XX.wav,sound,82260,comb,0.019774436950683594,68195,0.8290177486019937
1005_DFA_NEU_XX.wav,sound,99344,comb,0.024837017059326172,76953,0.7746114511193429
1005_DFA_SAD_XX.wav,sound,97208,comb,0.024907827377319336,75333,0.7749670808986915
1005_IEO_ANG_HI.wav,sound,80124,comb,0.018409013748168945,70672,0.8820328490839199
1005_IEO_ANG_LO.wav,sound,72650,comb,0.01816272735595703,58515,0.8054370268410186
1005_IEO_ANG_MD.wav,sound,87598,comb,0.02116847038269043,72836,0.8314801707801548
1005_IEO_DIS_HI.wav,sound,89734,comb,0.022268056869506836,76942,0.8574453384447367
1005_IEO_DIS_LO.wav,sound,76920,comb,0.0187375545501709,58019,0.7542771710868434
1005_IEO_DIS_MD.wav,sound,80124,comb,0.01868462562561035,66356,0.828166342169637
1005_IEO_FEA_HI.wav,sound,76920,comb,0.01786017417907715,63251,0.8222958918356734
1005_IEO_FEA_LO.wav,sound,70514,comb,0.017675161361694336,53834,0.7634512295430694
1005_IEO_FEA_MD.wav,sound,100410,comb,0.024391889572143555,77746,0.7742854297380739
1005_IEO_HAP_HI.wav,sound,72650,comb,0.01676487922668457,61684,0.849057123193393
1005_IEO_HAP_LO.wav,sound,67312,comb,0.017305612564086914,51819,0.769833016401236
1005_IEO_HAP_MD.wav,sound,69446,comb,0.01671433448791504,56489,0.8134233793163033
1005_IEO_NEU_XX.wav,sound,67312,comb,0.016862154006958008,52575,0.7810642975992393
1005_IEO_SAD_HI.wav,sound,79056,comb,0.02068924903869629,60986,0.771427848613641
1005_IEO_SAD_LO.wav,sound,76920,comb,0.020102262496948242,55237,0.7181097243889756
1005_IEO_SAD_MD.wav,sound,73090,comb,0.017826318740844727,54031,0.7392392940210699
1005_IOM_ANG_XX.wav,sound,107884,comb,0.02465987205505371,92960,0.8616662341032961
1005_IOM_DIS_XX.wav,sound,95072,comb,0.02514815330505371,73635,0.77451825984517
1005_IOM_FEA_XX.wav,sound,102546,comb,0.025644540786743164,82122,0.8008308466444327
1005_IOM_HAP_XX.wav,sound,100410,comb,0.023598432540893555,85487,0.8513793446867842
1005_IOM_NEU_XX.wav,sound,87598,comb,0.021452903747558594,69449,0.7928149044498732
1005_IOM_SAD_XX.wav,sound,96140,comb,0.024328947067260742,72391,0.7529748283752861
1005_ITH_ANG_XX.wav,sound,105750,comb,0.02512979507446289,87781,0.830080378250591
1005_ITH_DIS_XX.wav,sound,119630,comb,0.029437780380249023,98276,0.8214996238401738
1005_ITH_FEA_XX.wav,sound,101478,comb,0.024454116821289062,85163,0.8392262362285422
1005_ITH_HAP_XX.wav,sound,104682,comb,0.02696394920349121,86231,0.8237423816893067
1005_ITH_NEU_XX.wav,sound,107884,comb,0.02614569664001465,85247,0.7901727781691447
1005_ITH_SAD_XX.wav,sound,104682,comb,0.02697587013244629,81893,0.782302592613821
1005_ITS_ANG_XX.wav,sound,114292,comb,0.027460813522338867,95192,0.8328841913694747
1005_ITS_DIS_XX.wav,sound,100410,comb,0.02628159523010254,82099,0.8176376854894931
1005_ITS_FEA_XX.wav,sound,95072,comb,0.030271291732788086,76993,0.8098388589700437
1005_ITS_HAP_XX.wav,sound,95072,comb,0.03061842918395996,80440,0.8460955907101986
1005_ITS_NEU_XX.wav,sound,100410,comb,0.04073071479797363,80229,0.7990140424260532
1005_ITS_SAD_XX.wav,sound,71582,comb,0.030870914459228516,60060,0.8390377469196166
1005_IWL_ANG_XX.wav,sound,107884,comb,0.044623374938964844,93035,0.8623614252345111
1005_IWL_DIS_XX.wav,sound,71582,comb,0.02427387237548828,62420,0.8720069291162583
1005_IWL_FEA_XX.wav,sound,107884,comb,0.03565263748168945,88830,0.8233843758110563
1005_IWL_HAP_XX.wav,sound,96140,comb,0.03971529006958008,79843,0.830486790097774
1005_IWL_NEU_XX.wav,sound,103614,comb,0.03490281105041504,85350,0.8237303839249522
1005_IWL_SAD_XX.wav,sound,118562,comb,0.03924155235290527,92211,0.7777449773114489
1005_IWW_ANG_XX.wav,sound,105750,comb,0.03176140785217285,81419,0.769919621749409
1005_IWW_DIS_XX.wav,sound,99344,comb,0.026572465896606445,76602,0.7710782734739894
1005_IWW_FEA_XX.wav,sound,99344,comb,0.025626659393310547,74017,0.7450575777097761
1005_IWW_HAP_XX.wav,sound,86530,comb,0.0297243595123291,70537,0.815173928117416
1005_IWW_NEU_XX.wav,sound,86530,comb,0.021376848220825195,68164,0.7877499133248584
1005_IWW_SAD_XX.wav,sound,74786,comb,0.018659353256225586,59017,0.7891450271441178
1005_MTI_ANG_XX.wav,sound,118562,comb,0.02867603302001953,99277,0.8373424874749077
1005_MTI_DIS_XX.wav,sound,126036,comb,0.051403045654296875,101845,0.8080627757148752
1005_MTI_FEA_XX.wav,sound,115360,comb,0.04051637649536133,89431,0.7752340499306519
1005_MTI_HAP_XX.wav,sound,112156,comb,0.027629613876342773,94482,0.8424159206819073
1005_MTI_NEU_XX.wav,sound,107884,comb,0.02706742286682129,85141,0.7891902413703608
1005_MTI_SAD_XX.wav,sound,99344,comb,0.025303125381469727,81747,0.8228680141729747
1005_TAI_ANG_XX.wav,sound,115360,comb,0.02781510353088379,98122,0.8505721220527046
1005_TAI_DIS_XX.wav,sound,116426,comb,0.02925562858581543,98948,0.8498788930307664
1005_TAI_FEA_XX.wav,sound,81192,comb,0.01909780502319336,71118,0.8759237363287024
1005_TAI_HAP_XX.wav,sound,90802,comb,0.022840499877929688,73819,0.8129666747428471
1005_TAI_NEU_XX.wav,sound,105750,comb,0.027114391326904297,80386,0.7601513002364066
1005_TAI_SAD_XX.wav,sound,116426,comb,0.028699159622192383,88534,0.760431518732929
1005_TIE_ANG_XX.wav,sound,94004,comb,0.022148847579956055,81879,0.8710161269733203
1005_TIE_DIS_XX.wav,sound,108952,comb,0.025770187377929688,91003,0.8352577281738748
1005_TIE_FEA_XX.wav,sound,82260,comb,0.018732070922851562,70444,0.8563578896182835
1005_TIE_HAP_XX.wav,sound,134578,comb,0.03153491020202637,115717,0.8598507928487569
1005_TIE_NEU_XX.wav,sound,91868,comb,0.02289271354675293,72141,0.7852679932076457
1005_TIE_SAD_XX.wav,sound,150594,comb,0.03727841377258301,115714,0.7683838665551085
1005_TSI_ANG_XX.wav,sound,96140,comb,0.02217411994934082,82074,0.8536925317245684
1005_TSI_DIS_XX.wav,sound,115360,comb,0.028274059295654297,96160,0.8335644937586685
1005_TSI_FEA_XX.wav,sound,92936,comb,0.0220947265625,76553,0.8237173969183094
1005_TSI_HAP_XX.wav,sound,90802,comb,0.02342534065246582,78108,0.8602013171516046
1005_TSI_NEU_XX.wav,sound,89734,comb,0.021723508834838867,72940,0.812846858492879
1005_TSI_SAD_XX.wav,sound,105750,comb,0.024558305740356445,88177,0.8338250591016548
1005_WSI_ANG_XX.wav,sound,108952,comb,0.025781869888305664,95928,0.8804611204934283
1005_WSI_DIS_XX.wav,sound,118562,comb,0.030047893524169922,95737,0.8074846915537862
1005_WSI_FEA_XX.wav,sound,88666,comb,0.02348780632019043,74673,0.8421830239325108
1005_WSI_HAP_XX.wav,sound,86530,comb,0.028850317001342773,73307,0.8471859470703802
1005_WSI_NEU_XX.wav,sound,100410,comb,0.024356603622436523,80664,0.803346280250971
1005_WSI_SAD_XX.wav,sound,71582,comb,0.017891883850097656,58283,0.8142130703249421
1006_DFA_ANG_XX.wav,sound,83328,comb,0.021199464797973633,72795,0.8735959101382489
1006_DFA_DIS_XX.wav,sound,88666,comb,0.02332615852355957,68822,0.7761938059684659
1006_DFA_FEA_XX.wav,sound,75852,comb,0.020733356475830078,58715,0.7740731951695407
1006_DFA_HAP_XX.wav,sound,73718,comb,0.019863367080688477,61488,0.8340975067147779
1006_DFA_NEU_XX.wav,sound,82260,comb,0.030109643936157227,65596,0.7974228057379043
1006_DFA_SAD_XX.wav,sound,85462,comb,0.02675342559814453,67043,0.784477311553673
1006_IEO_ANG_HI.wav,sound,82260,comb,0.021248340606689453,72150,0.8770970094821299
1006_IEO_ANG_LO.wav,sound,80124,comb,0.022398710250854492,63646,0.7943437671609006
1006_IEO_ANG_MD.wav,sound,57702,comb,0.015363931655883789,50351,0.8726040691830439
1006_IEO_DIS_HI.wav,sound,103614,comb,0.03382730484008789,87040,0.8400409211110468
1006_IEO_DIS_LO.wav,sound,66244,comb,0.018387317657470703,50923,0.7687186764084294
1006_IEO_DIS_MD.wav,sound,96140,comb,0.026418447494506836,78845,0.8201060952777199
1006_IEO_FEA_HI.wav,sound,84394,comb,0.0302126407623291,66689,0.7902102045169088
1006_IEO_FEA_LO.wav,sound,69446,comb,0.02209639549255371,52641,0.7580134204993808
1006_IEO_FEA_MD.wav,sound,73718,comb,0.028272390365600586,57101,0.7745869394177812
1006_IEO_HAP_HI.wav,sound,58770,comb,0.02111530303955078,51531,0.8768249106687085
1006_IEO_HAP_LO.wav,sound,54498,comb,0.030726194381713867,43605,0.8001211053616647
1006_IEO_HAP_MD.wav,sound,72650,comb,0.04456925392150879,59014,0.8123055746730902
1006_IEO_NEU_XX.wav,sound,67312,comb,0.019460439682006836,52704,0.7829807463750892
1006_IEO_SAD_HI.wav,sound,73090,comb,0.030194520950317383,53529,0.7323710493911616
1006_IEO_SAD_LO.wav,sound,58770,comb,0.01786971092224121,44115,0.7506380806533945
1006_IEO_SAD_MD.wav,sound,60904,comb,0.02728128433227539,46939,0.7707047156180218
1006_IOM_ANG_XX.wav,sound,104682,comb,0.03047966957092285,90318,0.8627844328537857
1006_IOM_DIS_XX.wav,sound,103614,comb,0.03771376609802246,80330,0.7752813326384466
1006_IOM_FEA_XX.wav,sound,120698,comb,0.043176889419555664,95710,0.7929708860130242
1006_IOM_HAP_XX.wav,sound,85462,comb,0.028339385986328125,70909,0.8297137909246215
1006_IOM_NEU_XX.wav,sound,103614,comb,0.0364377498626709,82254,0.7938502518964619
1006_IOM_SAD_XX.wav,sound,96140,comb,0.03279614448547363,75925,0.7897337216559185
1006_ITH_ANG_XX.wav,sound,102546,comb,0.027712583541870117,87176,0.8501160454820276
1006_ITH_DIS_XX.wav,sound,134578,comb,0.03926277160644531,102832,0.7641070605893979
1006_ITH_FEA_XX.wav,sound,103614,comb,0.04683542251586914,79641,0.7686316520933465
1006_ITH_HAP_XX.wav,sound,97208,comb,0.0321958065032959,79399,0.8167949139988478
1006_ITH_NEU_XX.wav,sound,110020,comb,0.037767887115478516,87302,0.7935102708598437
1006_ITH_SAD_XX.wav,sound,118562,comb,0.03086543083190918,90541,0.7636595199136317
1006_ITS_ANG_XX.wav,sound,102546,comb,0.03223419189453125,88410,0.862149669416652
1006_ITS_DIS_XX.wav,sound,71582,comb,0.018918514251708984,54731,0.7645916571205051
1006_ITS_FEA_XX.wav,sound,95072,comb,0.03360795974731445,75310,0.7921364860316392
1006_ITS_HAP_XX.wav,sound,88666,comb,0.02330470085144043,74417,0.8392957841788284
1006_ITS_NEU_XX.wav,sound,96140,comb,0.03635883331298828,76938,0.8002704389432078
1006_ITS_SAD_XX.wav,sound,99344,comb,0.029451370239257812,76275,0.7677866806248993
1006_IWL_ANG_XX.wav,sound,71582,comb,0.02169013023376465,64943,0.9072532200832611
1006_IWL_DIS_XX.wav,sound,111088,comb,0.03234362602233887,92121,0.829261486389169
1006_IWL_FEA_XX.wav,sound,86530,comb,0.02459573745727539,70594,0.8158326591933434
1006_IWL_HAP_XX.wav,sound,90802,comb,0.02402782440185547,75741,0.8341336093918637
1006_IWL_NEU_XX.wav,sound,97208,comb,0.028261423110961914,77364,0.7958604230104518
1006_IWL_SAD_XX.wav,sound,100410,comb,0.03318977355957031,81327,0.8099492082461907
1006_IWW_ANG_XX.wav,sound,87598,comb,0.031009674072265625,73169,0.8352816274344164
1006_IWW_DIS_XX.wav,sound,117494,comb,0.030258655548095703,88848,0.7561918055390062
1006_IWW_FEA_XX.wav,sound,113224,comb,0.0287933349609375,87447,0.7723362537977814
1006_IWW_HAP_XX.wav,sound,89734,comb,0.023496150970458984,72555,0.8085564000267457
1006_IWW_NEU_XX.wav,sound,99344,comb,0.03467249870300293,79135,0.796575535512965
1006_IWW_SAD_XX.wav,sound,122834,comb,0.04630899429321289,93247,0.7591302082485305
1006_MTI_ANG_XX.wav,sound,120698,comb,0.028720855712890625,104077,0.8622926643357802
1006_MTI_DIS_XX.wav,sound,119630,comb,0.04080843925476074,95433,0.7977346819359692
1006_MTI_FEA_XX.wav,sound,145256,comb,0.04582977294921875,113297,0.7799815498154982
1006_MTI_HAP_XX.wav,sound,115360,comb,0.028657197952270508,96128,0.8332871012482663
1006_MTI_NEU_XX.wav,sound,130308,comb,0.04850053787231445,103313,0.792836970869018
1006_MTI_SAD_XX.wav,sound,135646,comb,0.041623592376708984,106150,0.7825516417734397
1006_TAI_ANG_XX.wav,sound,102546,comb,0.030210018157958984,87355,0.8518616035730306
1006_TAI_DIS_XX.wav,sound,113224,comb,0.038869619369506836,92122,0.8136260863421183
1006_TAI_FEA_XX.wav,sound,107884,comb,0.045906782150268555,84407,0.7823866374995365
1006_TAI_HAP_XX.wav,sound,124968,comb,0.09874868392944336,102990,0.8241309775302478
1006_TAI_NEU_XX.wav,sound,101478,comb,0.03585457801818848,80545,0.7937188356096888
1006_TAI_SAD_XX.wav,sound,116426,comb,0.033756256103515625,89669,0.7701802002989023
1006_TIE_ANG_XX.wav,sound,133510,comb,0.042463064193725586,108612,0.8135120964721744
1006_TIE_DIS_XX.wav,sound,107884,comb,0.03901076316833496,92065,0.8533702866041304
1006_TIE_FEA_XX.wav,sound,101478,comb,0.04043769836425781,87775,0.8649658053962436
1006_TIE_HAP_XX.wav,sound,79056,comb,0.027431011199951172,63454,0.8026462254604331
1006_TIE_NEU_XX.wav,sound,79056,comb,0.024153709411621094,63454,0.8026462254604331
1006_TIE_SAD_XX.wav,sound,117494,comb,0.031935930252075195,89866,0.764856077757162
1006_TSI_ANG_XX.wav,sound,80124,comb,0.02754521369934082,67534,0.8428685537417003
1006_TSI_DIS_XX.wav,sound,104682,comb,0.038542985916137695,84576,0.8079325958617527
1006_TSI_FEA_XX.wav,sound,71582,comb,0.024110794067382812,59353,0.8291609622530803
1006_TSI_HAP_XX.wav,sound,79056,comb,0.020470857620239258,66925,0.8465518113742158
1006_TSI_NEU_XX.wav,sound,79056,comb,0.028220176696777344,64066,0.8103875733657154
1006_TSI_SAD_XX.wav,sound,98276,comb,0.03892183303833008,76898,0.7824697789897839
1006_WSI_ANG_XX.wav,sound,87598,comb,0.03237462043762207,76348,0.8715724103290029
1006_WSI_DIS_XX.wav,sound,91868,comb,0.030928850173950195,74059,0.8061457743719249
1006_WSI_FEA_XX.wav,sound,95072,comb,0.03232216835021973,76153,0.8010034500168294
1006_WSI_HAP_XX.wav,sound,87598,comb,0.03182554244995117,73915,0.843797803602822
1006_WSI_NEU_XX.wav,sound,110020,comb,0.038239240646362305,87487,0.795191783312125
1006_WSI_SAD_XX.wav,sound,124968,comb,0.045153141021728516,96011,0.7682846808783048
1007_DFA_ANG_XX.wav,sound,80124,comb,0.025493383407592773,71325,0.8901827167889771
1007_DFA_DIS_XX.wav,sound,91868,comb,0.03433060646057129,70136,0.7634432011146427
1007_DFA_FEA_XX.wav,sound,87598,comb,0.030391693115234375,67676,0.7725747163177241
1007_DFA_HAP_XX.wav,sound,70514,comb,0.025368213653564453,57286,0.8124060470261225
1007_DFA_NEU_XX.wav,sound,84394,comb,0.028264522552490234,67471,0.7994762660852667
1007_DFA_SAD_XX.wav,sound,69446,comb,0.02226400375366211,52909,0.7618725340552371
1007_IEO_ANG_HI.wav,sound,77988,comb,0.026752948760986328,69705,0.8937913525157717
1007_IEO_ANG_LO.wav,sound,58770,comb,0.02186441421508789,52363,0.8909817934320231
1007_IEO_ANG_MD.wav,sound,86530,comb,0.03487992286682129,65969,0.7623829885588813
